ID,所属游戏,标题,别名,编码,所属期数,第一張卡url,最後一張卡url,備註,如何找尋卡片 url ?,
,1,2019聖誕黃金禮盒,LGB1,LGB1,-1,https://www.cardrush.jp/phone/product/37318,https://www.cardrush.jp/phone/product/37365,,1. 先網路上搜尋此系列的開始卡號 & 結束卡號,
,1,2021聖誕銀密閃盒,SSB1,SSB1,-1,https://www.cardrush.jp/phone/product/54003,https://www.cardrush.jp/phone/product/54075,,2. 去 card rush 中在 url 使用 key_word=卡號快速定位到最後一張卡,https://www.cardrush.jp/phone/product-list/0/0/photo?keyword=20th-jpb&num=100&img=120&order=desc&page=1
,1,2022聖誕祕鑽百寶盒,SUB1,SUB1,-1,https://www.cardrush.jp/phone/product/61707,https://www.cardrush.jp/phone/product/61810,,,
,1,2022聖誕銀密閃盒第二彈,DR02,DR02,-1,https://www.cardrush.jp/phone/product/56644,https://www.cardrush.jp/phone/product/56768,這彈有問題 沒圖,,
,1,20週年紀念決鬥者禮盒,20TH-JPB,20TH-JPB,-1,https://www.cardrush.jp/phone/product/26026,https://www.cardrush.jp/phone/product/26067,,3. 比較此卡號的卡片 url 後面的數字 連號的 最小(大)，填入欄位,
,1,20週年紀念傳說收藏包,20TH-JPC,20TH-JPC,-1,https://www.cardrush.jp/phone/product/27746,https://www.cardrush.jp/phone/product/27945,,例如：以 LBG1-JP040 為例。我們要填入的是 https://www.cardrush.jp/phone/product/37357,
,1,25週年海馬手提箱禮盒,KC01,KC01,-1,https://www.cardrush.jp/phone/product/56816,https://www.cardrush.jp/phone/product/56876,,因為這是連號中的最後一號。（另外兩張的編號是card rush 後補上的卡片，我們不要）,
,1,PP大會包,19PP,19PP,-1,https://www.cardrush.jp/phone/product/25966,https://www.cardrush.jp/phone/product/26025,,,
,1,PP大會包,20PP,20PP,-1,https://www.cardrush.jp/phone/product/37392,https://www.cardrush.jp/phone/product/37451,,,
,1,PP大會包,21PP,21PP,-1,https://www.cardrush.jp/phone/product/46852,https://www.cardrush.jp/phone/product/46915,,,
,1,PP大會包,22PP,22PP,-1,https://www.cardrush.jp/phone/product/53924,https://www.cardrush.jp/phone/product/53989,,,
,1,PP大會包,23PP,23PP,-1,https://www.cardrush.jp/phone/product/61489,https://www.cardrush.jp/phone/product/61612,,,
,1,PP大會包,PP1,PP1,-1,沒找到,沒找到,沒找到,,
,1,PP大會包,PP10,PP10,-1,沒找到,沒找到,沒找到,,
,1,PP大會包,PP11,PP11,-1,https://www.cardrush.jp/phone/product/3838,無法,只有一張卡,,
,1,PP大會包,PP12,PP12,-1,https://www.cardrush.jp/phone/product/8749,無法,只有一張卡,,
,1,PP大會包,PP13,PP13,-1,https://www.cardrush.jp/phone/product/19717,無法,跨號超遠,,
,1,PP大會包,PP14,PP14,-1,https://www.cardrush.jp/phone/product/1995,無法,只有兩張卡,,
,1,PP大會包,PP15,PP15,-1,,無法,跨號超遠,,
,1,PP大會包,PP16,PP16,-1,https://www.cardrush.jp/phone/product/29027,https://www.cardrush.jp/phone/product/29029,只有兩張卡,,
,1,PP大會包,PP17,PP17,-1,跨號超遠,跨號超遠,跨號超遠,,
,1,PP大會包,PP18,PP18,-1,跨號超遠,跨號超遠,,,
,1,PP大會包,PP19,PP19,-1,跨號超遠,跨號超遠,,,
,1,PP大會包,PP2,PP2,-1,沒找到,沒找到,沒找到,,
,1,PP大會包,PP20,PP20,-1,https://www.cardrush.jp/phone/product/19517,https://www.cardrush.jp/phone/product/19551,34,,
,1,PP大會包,PP3,PP3,-1,沒找到,沒找到,沒找到,,
,1,PP大會包,PP4,PP4,-1,沒找到,沒找到,沒找到,,
,1,PP大會包,PP5,PP5,-1,沒找到,沒找到,沒找到,,
,1,PP大會包,PP6,PP6,-1,沒找到,沒找到,沒找到,,
,1,PP大會包,PP7,PP7,-1,沒找到,沒找到,沒找到,,
,1,PP大會包,PP8,PP8,-1,沒找到,沒找到,沒找到,,
,1,PP大會包,PP9,PP9,-1,沒找到,沒找到,沒找到,,
,1,十週年紀念包,YAP1,YAP1,-1,跨號超遠,跨號超遠,跨號超遠,,
,1,機甲指令,SD18,SD18,-1,跨號超遠,跨號超遠,跨號超遠,,
,1,惡魔之門,SD21,SD21,-1,跨號超遠,跨號超遠,跨號超遠,,
,1,龍之軍團改版,SD22,SD22,-1,跨號超遠,跨號超遠,跨號超遠,,
,1,海皇咆哮改版,SD23,SD23,-1,跨號超遠,跨號超遠,跨號超遠,,
,1,炎王急襲改版,SD24,SD24,-1,跨號超遠,跨號超遠,跨號超遠,,
,1,青眼龍轟臨,SD25,SD25,-1,跨號超遠,跨號超遠,跨號超遠,,
,1,決鬥始動組,ST14,ST14,-1,跨號超遠,跨號超遠,跨號超遠,,
,1,中文補充包-決鬥者歸來REDU-TC,801,801,-1,沒找到,沒找到,沒找到,,
,1,中文補充包-深淵昇華ABYR-TC,802,802,-1,沒找到,沒找到,沒找到,,
,1,中文補充包-炎星戰士CBLZ-TC,803,803,-1,沒找到,沒找到,沒找到,,
,1,中文補充包-銀河帝王LTGY-TC,804,804,-1,沒找到,沒找到,沒找到,,
,1,中文補充包-黃金包 2014,GS06,GS06,-1,沒找到,沒找到,沒找到,,
,1,中文補充包-決鬥始動包1,SP01,SP01,-1,沒找到,沒找到,沒找到,,
,1,中文補充包-決鬥始動包2,SP02,SP02,-1,沒找到,沒找到,沒找到,,
,1,中文補充包-決鬥始動包3,SP03,SP03,-1,沒找到,沒找到,沒找到,,
,1,決鬥王的記憶禮盒15週年第一彈,15AY-JPA,15AY-JPA,-1,跨越超遠,跨越超遠,跨越超遠,,
,1,決鬥王的記憶禮盒15週年第二彈,15AY-JPB,15AY-JPB,-1,跨越超遠,跨越超遠,跨越超遠,,
,1,決鬥王的記憶禮盒15週年第三彈,15AY-JPC,15AY-JPC,-1,跨越超遠,跨越超遠,跨越超遠,,
,1,決鬥箱2012同捆,DB12,DB12,-1,跨越超遠,跨越超遠,跨越超遠,,
,1,次元盒限量版禮盒,DBLE,DBLE,-1,跨越超遠,跨越超遠,跨越超遠,,
,1,黑暗回歸禮盒,DS13-JPD,DS13-JPD,-1,跨越超遠,跨越超遠,跨越超遠,,
,1,閃電之星禮盒,DS13-JPL,DS13-JPL,-1,跨越超遠,跨越超遠,跨越超遠,,
,1,光之領主裁決版禮盒,DS14-JPL,DS14-JPL,-1,跨越超遠,跨越超遠,跨越超遠,,
,1,機器齒輪騎兵版禮盒,DS14-JPM,DS14-JPM,-1,跨越超遠,跨越超遠,跨越超遠,,
,1,城之內篇VOL1,JY,JY,-1,太久遠找不全,太久遠找不全,太久遠找不全,,
,1,海馬篇VOL1,KA,KA,-1,太久遠找不全,太久遠找不全,太久遠找不全,,
,1,千年盒黃金版禮盒,MB01,MB01,-1,跨越超遠,跨越超遠,跨越超遠,,
,1,貝卡斯,PE,PE,-1,太久遠找不全,太久遠找不全,太久遠找不全,,
,1,恐龍的鼓動,SD09,SD09,-1,太久遠找不全,太久遠找不全,太久遠找不全,,
,1,龍魂之力,SD1,SD1,-1,太久遠找不全,太久遠找不全,太久遠找不全,,
,1,機械的叛亂,SD10,SD10,-1,太久遠找不全,太久遠找不全,太久遠找不全,,
,1,閃光波動,SD11,SD11,-1,太久遠找不全,太久遠找不全,太久遠找不全,,
,1,暗黑的咒縛,SD12,SD12,-1,太久遠找不全,太久遠找不全,太久遠找不全,,
,1,巨龍的復活,SD13,SD13,-1,太久遠找不全,太久遠找不全,太久遠找不全,,
,1,帝王的降臨,SD14,SD14,-1,太久遠找不全,太久遠找不全,太久遠找不全,,
,1,不死的世界,SD15,SD15,-1,太久遠找不全,太久遠找不全,太久遠找不全,,
,1,魔術師的霸者,SD16,SD16,-1,太久遠找不全,太久遠找不全,太久遠找不全,,
,1,戰士的強擊,SD17,SD17,-1,太久遠找不全,太久遠找不全,太久遠找不全,,
,1,機甲指令,SD18,SD18,-1,太久遠找不全,太久遠找不全,太久遠找不全,,
,1,龍盟驅動,SD19,SD19,-1,太久遠找不全,太久遠找不全,太久遠找不全,,
,1,不死的威脅,SD2,SD2,-1,太久遠找不全,太久遠找不全,太久遠找不全,,
,1,失落的聖域,SD20,SD20,-1,太久遠找不全,太久遠找不全,太久遠找不全,,
,1,惡魔之門,SD21,SD21,-1,太久遠找不全,太久遠找不全,太久遠找不全,,
,1,龍之軍勢,SD22,SD22,-1,太久遠找不全,太久遠找不全,太久遠找不全,,
,1,海皇的咆哮,SD23,SD23,-1,太久遠找不全,太久遠找不全,太久遠找不全,,
,1,炎王的急襲,SD24,SD24,-1,太久遠找不全,太久遠找不全,太久遠找不全,,
,1,青眼龍轟臨,SD25,SD25,-1,太久遠找不全,太久遠找不全,太久遠找不全,,
,1,機光龍襲雷,SD26,SD26,-1,太久遠找不全,太久遠找不全,太久遠找不全,,
,1,英雄駕到,SD27,SD27,-1,太久遠找不全,太久遠找不全,太久遠找不全,,
,1,英雄駕到亞洲版,SD27,SD27,-1,太久遠找不全,太久遠找不全,太久遠找不全,,
,1,究極同步,SD28,SD28,-1,太久遠找不全,太久遠找不全,太久遠找不全,,
,1,擺動大師,SD29,SD29,-1,太久遠找不全,太久遠找不全,太久遠找不全,,
,1,灼熱的大地,SD3,SD3,-1,太久遠找不全,太久遠找不全,太久遠找不全,,
,1,擺動支配,SD30,SD30,-1,太久遠找不全,太久遠找不全,太久遠找不全,,
,1,擺動進化,SD31,SD31,-1,太久遠找不全,太久遠找不全,太久遠找不全,,
,1,電子界連結,SD32,SD32,-1,太久遠找不全,太久遠找不全,太久遠找不全,,
,1,電源碼連結,SD33,SD33,-1,https://www.cardrush.jp/phone/product/19485,https://www.cardrush.jp/phone/product/19508,只有23張,,
,1,大師連結,SD34,SD34,-1,https://www.cardrush.jp/phone/product/20436,https://www.cardrush.jp/phone/product/20490,,,
,1,焚魂烈火,SD35,SD35,-1,https://www.cardrush.jp/phone/product/25867,https://www.cardrush.jp/phone/product/25913,,,
,1,Revolver,SD36,SD36,-1,https://www.cardrush.jp/phone/product/29327,https://www.cardrush.jp/phone/product/29374,,,
,1,反轉之影依,SD37,SD37,-1,https://www.cardrush.jp/phone/product/31222,https://www.cardrush.jp/phone/product/31275,,,
,1,混沌之三幻魔,SD38,SD38,-1,https://www.cardrush.jp/phone/product/38411,https://www.cardrush.jp/phone/product/38463,,,
,1,使精靈術的高手,SD39,SD39,-1,https://www.cardrush.jp/phone/product/43885,https://www.cardrush.jp/phone/product/43943,,,
,1,海龍神的憤怒,SD4,SD4,-1,太久遠找不全,太久遠找不全,太久遠找不全,,
,1,凍獄的冰結界,SD40,SD40,-1,https://www.cardrush.jp/phone/product/46061,https://www.cardrush.jp/phone/product/46115,,,
,1,電子流的後繼者,SD41,SD41,-1,https://www.cardrush.jp/phone/product/49263,https://www.cardrush.jp/phone/product/49315,,,
,1,疊放宇宙,SD42,SD42,-1,https://www.cardrush.jp/phone/product/51261,https://www.cardrush.jp/phone/product/51315,,,
,1,白熱衝突,SD43,SD43,-1,https://www.cardrush.jp/phone/product/53291,https://www.cardrush.jp/phone/product/53346,,,
,1,寶玉的傳說,SD44,SD44,-1,https://www.cardrush.jp/phone/product/57476,https://www.cardrush.jp/phone/product/57529,,,
,1,蟲惑魔之森,SD45,SD45,-1,https://www.cardrush.jp/phone/product/61389,https://www.cardrush.jp/phone/product/61441,,,
,1,王者的鼓動,SD46,SD46,-1,https://www.cardrush.jp/phone/product/70477,https://www.cardrush.jp/phone/product/70531,,,
,1,戰士的傳說,SD5,SD5,-1,太久遠找不全,太久遠找不全,太久遠找不全,,
,1,魔法使的制裁,SD6,SD6,-1,太久遠找不全,太久遠找不全,太久遠找不全,,
,1,守護神的堡壘,SD7,SD7,-1,太久遠找不全,太久遠找不全,太久遠找不全,,
,1,烈風的霸者,SD8,SD8,-1,太久遠找不全,太久遠找不全,太久遠找不全,,
,1,海馬瀬人,SDKS,SDKS,-1,太久遠找不全,太久遠找不全,太久遠找不全,,
,1,馬力克,SDM,SDM,-1,太久遠找不全,太久遠找不全,太久遠找不全,,
,1,武藤遊戲,SDMY,SDMY,-1,太久遠找不全,太久遠找不全,太久遠找不全,,
,1,城之內2,SJ2,SJ2,-1,太久遠找不全,太久遠找不全,太久遠找不全,,
,1,海馬2,SK2,SK2,-1,太久遠找不全,太久遠找不全,太久遠找不全,,
,1,起始牌組R真帝王降臨,SR01,SR01,-1,太久遠找不全,太久遠找不全,太久遠找不全,,
,1,起始牌組R巨神龍復活,SR02,SR02,-1,太久遠找不全,太久遠找不全,太久遠找不全,,
,1,起始牌組R機械龍叛亂,SR03,SR03,-1,太久遠找不全,太久遠找不全,太久遠找不全,,
,1,起始牌組R恐獸的鼓動,SR04,SR04,-1,太久遠找不全,太久遠找不全,太久遠找不全,,
,1,起始牌組R神光的波動,SR05,SR05,-1,太久遠找不全,太久遠找不全,太久遠找不全,,
,1,起始牌組R闇黑的咒縛,SR06,SR06,-1,太久遠找不全,太久遠找不全,太久遠找不全,,
,1,起始牌組R不死世界,SR07,SR07,-1,太久遠找不全,太久遠找不全,太久遠找不全,,
,1,起始牌組R魔術師領主,SR08,SR08,-1,太久遠找不全,太久遠找不全,太久遠找不全,,
,1,起始牌組R戰士強襲,SR09,SR09,-1,太久遠找不全,太久遠找不全,太久遠找不全,,
,1,起始牌組R機甲指令,SR10,SR10,-1,太久遠找不全,太久遠找不全,太久遠找不全,,
,1,起始牌組R龍盟驅動,SR11,SR11,-1,太久遠找不全,太久遠找不全,太久遠找不全,,
,1,起始牌組R失落聖域,SR12,SR12,-1,太久遠找不全,太久遠找不全,太久遠找不全,,
,1,惡魔之門,SR13,SR13,-1,太久遠找不全,太久遠找不全,太久遠找不全,,
,1,炎王的急襲,SR14,SR14,-1,太久遠找不全,太久遠找不全,太久遠找不全,,
,1,起始套牌2012,ST12,ST12,-1,太久遠找不全,太久遠找不全,太久遠找不全,,
,1,起始套牌2013,ST13,ST13,-1,太久遠找不全,太久遠找不全,太久遠找不全,,
,1,起始套牌2013,ST13,ST13,-1,太久遠找不全,太久遠找不全,太久遠找不全,,
,1,起始套牌2014,ST14,ST14,-1,太久遠找不全,太久遠找不全,太久遠找不全,,
,1,起始套牌2016,ST16,ST16,-1,太久遠找不全,太久遠找不全,太久遠找不全,,
,1,起始套牌2017,ST17,ST17,-1,太久遠找不全,太久遠找不全,太久遠找不全,,
,1,起始套牌2018,ST18,ST18,-1,太久遠找不全,太久遠找不全,太久遠找不全,,
,1,起始套牌2019,ST19,ST19,-1,https://www.cardrush.jp/phone/product/28391,https://www.cardrush.jp/phone/product/28425,只有34張,,
,1,遊戲篇2,SY2,SY2,-1,太久遠找不全,太久遠找不全,太久遠找不全,,
,1,決鬥入門牌組VS,VS15,VS15,-1,太久遠找不全,太久遠找不全,太久遠找不全,,
,1,起始套牌2006,YSD,YSD,-1,太久遠找不全,太久遠找不全,太久遠找不全,,
,1,起始套牌2007,YSD2,YSD2,-1,太久遠找不全,太久遠找不全,太久遠找不全,,
,1,起始套牌2008,YSD3,YSD3,-1,太久遠找不全,太久遠找不全,太久遠找不全,,
,1,起始套牌2009,YSD4,YSD4,-1,太久遠找不全,太久遠找不全,太久遠找不全,,
,1,起始套牌2010,YSD5,YSD5,-1,太久遠找不全,太久遠找不全,太久遠找不全,,
,1,起始套牌2011,YSD6,YSD6,-1,太久遠找不全,太久遠找不全,太久遠找不全,,
,1,遊戲篇VOL1,YU,YU,-1,太久遠找不全,太久遠找不全,太久遠找不全,,
,1,決鬥者代碼,COTD,1001,10,跨越太大,跨越太大,跨越太大,,
,1,迴路破解,CIBR,1002,10,跨越太大,跨越太大,跨越太大,,
,1,極限之力,EXFO,1003,10,跨越太大,跨越太大,跨越太大,,
,1,破滅之火,FLOD,1004,10,https://www.cardrush.jp/phone/product/19632,https://www.cardrush.jp/phone/product/19657,只有25張,,
,1,電子科技地平線,CYHO,1005,10,https://www.cardrush.jp/phone/product/27716,https://www.cardrush.jp/phone/product/27717,只有兩張,,
,1,靈魂融合,SOFU,1006,10,https://www.cardrush.jp/phone/product/24895,https://www.cardrush.jp/phone/product/25013,118,,
,1,猛烈強擊,SAST,1007,10,https://www.cardrush.jp/phone/product/25442,https://www.cardrush.jp/phone/product/25545,103,,
,1,黑暗新風暴,DANE,1008,10,https://www.cardrush.jp/phone/product/27544,https://www.cardrush.jp/phone/product/27662,118,,
,1,遽升衝突,RIRA,1009,10,https://www.cardrush.jp/phone/product/28641,https://www.cardrush.jp/phone/product/28749,108,,
,1,混沌衝擊,CHIM,1010,10,https://www.cardrush.jp/phone/product/29527,https://www.cardrush.jp/phone/product/29645,118,,
,1,點火強襲,IGAS,1011,10,https://www.cardrush.jp/phone/product/30577,https://www.cardrush.jp/phone/product/30695,118,,
,1,永恆代碼,ETCO,1012,10,https://www.cardrush.jp/phone/product/37509,https://www.cardrush.jp/phone/product/37627,118,,
,1,決鬥者崛起,ROTD,1101,11,https://www.cardrush.jp/phone/product/39300,https://www.cardrush.jp/phone/product/39426,126,,
,1,幻影之怒,PHRA,1102,11,https://www.cardrush.jp/phone/product/44089,https://www.cardrush.jp/phone/product/44214,125,,
,1,烈焰漩渦,BLVO,1103,11,https://www.cardrush.jp/phone/product/45431,https://www.cardrush.jp/phone/product/45559,128,,
,1,電光超載,LIOV,1104,11,https://www.cardrush.jp/phone/product/47395,https://www.cardrush.jp/phone/product/47520,125,,
,1,皇權破曉,DAMA,1105,11,https://www.cardrush.jp/phone/product/48774,https://www.cardrush.jp/phone/product/48899,125,,
,1,命運擊發,BODE,1106,11,https://www.cardrush.jp/phone/product/51428,https://www.cardrush.jp/phone/product/51553,125,,
,1,混沌激戰,BACH,1107,11,https://www.cardrush.jp/phone/product/52791,https://www.cardrush.jp/phone/product/52918,124,,
,1,次元之力,DIFO,1108,11,https://www.cardrush.jp/phone/product/54174,https://www.cardrush.jp/phone/product/54299,125,,
,1,元素力量,POTE,1109,11,https://www.cardrush.jp/phone/product/56341,https://www.cardrush.jp/phone/product/56466,125,,
,1,暗翼暴風,DABL,1110,11,https://www.cardrush.jp/phone/product/59009,https://www.cardrush.jp/phone/product/59134,125,,
,1,光子超新星,PHHY,1111,11,https://www.cardrush.jp/phone/product/60252,https://www.cardrush.jp/phone/product/60377,125,,
,1,電子風暴訪問,CYAC,1112,11,https://www.cardrush.jp/phone/product/62171,https://www.cardrush.jp/phone/product/62299,129,,
,1,決鬥者之絆,DUNE,1201,12,https://www.cardrush.jp/phone/product/68398,https://www.cardrush.jp/phone/product/68529,131,,
,1,霸王世紀,AGOV,1202,12,https://www.cardrush.jp/phone/product/72288,https://www.cardrush.jp/phone/product/72419,131,,
,1,決鬥者的榮光,15AX,15AX,-1,跨越太大,跨越太大,跨越太大,,
,1,日文補充包,20AP,20AP,-1,跨越太大,跨越太大,跨越太大,,
,1,新的支配者,301,301,3,太久遠找不全,太久遠找不全,太久遠找不全,,
,1,神的降臨,302,302,3,太久遠找不全,太久遠找不全,太久遠找不全,,
,1,黑魔導霸者,303,303,3,太久遠找不全,太久遠找不全,太久遠找不全,,
,1,守護者之力,304,304,3,太久遠找不全,太久遠找不全,太久遠找不全,,
,1,闇魔界之威脅,305,305,3,太久遠找不全,太久遠找不全,太久遠找不全,,
,1,渾沌之制裁者,306,306,3,太久遠找不全,太久遠找不全,太久遠找不全,,
,1,暗黑侵略者,307,307,3,太久遠找不全,太久遠找不全,太久遠找不全,,
,1,天空聖域,308,308,3,太久遠找不全,太久遠找不全,太久遠找不全,,
,1,法老王的遺產,309,309,3,太久遠找不全,太久遠找不全,太久遠找不全,,
,1,決鬥者靈魂,SOD,401,4,太久遠找不全,太久遠找不全,太久遠找不全,,
,1,傳說的源頭,RDS,402,4,太久遠找不全,太久遠找不全,太久遠找不全,,
,1,永恆的燃燒,FET,403,4,太久遠找不全,太久遠找不全,太久遠找不全,,
,1,失落的光陰,TLM,404,4,太久遠找不全,太久遠找不全,太久遠找不全,,
,1,神經機械革命,CRV,405,4,太久遠找不全,太久遠找不全,太久遠找不全,,
,1,永恆的幽暗,EEN,406,4,太久遠找不全,太久遠找不全,太久遠找不全,,
,1,永恆的幽暗,SOI,407,4,太久遠找不全,太久遠找不全,太久遠找不全,,
,1,正義的敵方,EOJ,408,4,太久遠找不全,太久遠找不全,太久遠找不全,,
,1,決鬥者之力,POTD,501,5,太久遠找不全,太久遠找不全,太久遠找不全,,
,1,電子暗黑衝擊,CDIP,502,5,太久遠找不全,太久遠找不全,太久遠找不全,,
,1,新世代衝擊,STON,503,5,太久遠找不全,太久遠找不全,太久遠找不全,,
,1,破壞者之力,FOTB,504,5,太久遠找不全,太久遠找不全,太久遠找不全,,
,1,戰略提升,TAEV,505,5,太久遠找不全,太久遠找不全,太久遠找不全,,
,1,劍鬥士襲擊,GLAS,506,5,太久遠找不全,太久遠找不全,太久遠找不全,,
,1,黑暗幻影,PTDN,507,5,太久遠找不全,太久遠找不全,太久遠找不全,,
,1,毀滅之光,LODT,508,5,太久遠找不全,太久遠找不全,太久遠找不全,,
,1,決鬥者創世紀,TDGS,601,6,太久遠找不全,太久遠找不全,太久遠找不全,,
,1,混沌的十字路,CSOC,602,6,太久遠找不全,太久遠找不全,太久遠找不全,,
,1,紅蓮危機,CRMS,603,6,太久遠找不全,太久遠找不全,太久遠找不全,,
,1,火熱戰鬥,RGBT,604,6,太久遠找不全,太久遠找不全,太久遠找不全,,
,1,上古預言,ANPR,605,6,太久遠找不全,太久遠找不全,太久遠找不全,,
,1,星塵超載,SOVR,606,6,太久遠找不全,太久遠找不全,太久遠找不全,,
,1,絕對力量,ABPF,607,6,太久遠找不全,太久遠找不全,太久遠找不全,,
,1,閃耀之闇,TSHD,608,6,太久遠找不全,太久遠找不全,太久遠找不全,,
,1,決鬥者革命,DREV,701,7,太久遠找不全,太久遠找不全,太久遠找不全,,
,1,星襲爆破,STBL,702,7,太久遠找不全,太久遠找不全,太久遠找不全,,
,1,諸神黃昏風暴,STOR,703,7,太久遠找不全,太久遠找不全,太久遠找不全,,
,1,極限的勝利,EXVC,704,7,太久遠找不全,太久遠找不全,太久遠找不全,,
,1,世代之力,GENF,705,7,太久遠找不全,太久遠找不全,太久遠找不全,,
,1,光子衝擊波,PHSW,706,7,太久遠找不全,太久遠找不全,太久遠找不全,,
,1,混沌指令,ORCS,707,7,太久遠找不全,太久遠找不全,太久遠找不全,,
,1,銀河君主,GAOV,708,7,太久遠找不全,太久遠找不全,太久遠找不全,,
,1,決鬥者歸來,REDU,801,8,太久遠找不全,太久遠找不全,太久遠找不全,,
,1,深淵崛起,ABYR,802,8,太久遠找不全,太久遠找不全,太久遠找不全,,
,1,炎星戰士,CBLZ,803,8,太久遠找不全,太久遠找不全,太久遠找不全,,
,1,時空銀河王者,LTGY,804,8,太久遠找不全,太久遠找不全,太久遠找不全,,
,1,審判之光,JOTL,805,8,太久遠找不全,太久遠找不全,太久遠找不全,,
,1,闇影幽魂,SHSP,806,8,太久遠找不全,太久遠找不全,太久遠找不全,,
,1,勇士的遺產,LVAL,807,8,太久遠找不全,太久遠找不全,太久遠找不全,,
,1,原始起源,PRIO,808,8,太久遠找不全,太久遠找不全,太久遠找不全,,
,1,決鬥者再臨,DUEA,901,9,跨越太大,跨越太大,跨越太大,,
,1,下個挑戰者,NECH,902,9,跨越太大,跨越太大,跨越太大,,
,1,進化之謎,SECE,903,9,跨越太大,跨越太大,跨越太大,,
,1,交錯靈魂,CROS,904,9,跨越太大,跨越太大,跨越太大,,
,1,反逆衝突,CORE,905,9,跨越太大,跨越太大,跨越太大,,
,1,次元激戰,DOCS,906,9,跨越太大,跨越太大,跨越太大,,
,1,影之破壞者,BOSH,907,9,跨越太大,跨越太大,跨越太大,,
,1,閃耀勝利,SHVI,908,9,跨越太大,跨越太大,跨越太大,,
,1,黑暗幻象,TDIL,909,9,跨越太大,跨越太大,跨越太大,,
,1,惡毒入侵,INOV,910,9,跨越太大,跨越太大,跨越太大,,
,1,狂風暴雨,RATE,911,9,跨越太大,跨越太大,跨越太大,,
,1,極限危機,MACR,912,9,跨越太大,跨越太大,跨越太大,,
,1,動畫年代記2021,AC01,AC01,-1,https://www.cardrush.jp/phone/product/51085,https://www.cardrush.jp/phone/product/51182,97,,
,1,遊戲王動畫編年史2022,AC02,AC02,-1,https://www.cardrush.jp/phone/product/57301,https://www.cardrush.jp/phone/product/57398,97,,
,1,遊戲王動畫編年史2023,AC03,AC03,-1,https://www.cardrush.jp/phone/product/70330,https://www.cardrush.jp/phone/product/70420,90,,
,1,復刻新手包系列,BE01,BE01,-1,太久遠找不全,太久遠找不全,太久遠找不全,,
,1,雙子妖精,BC,BC,-1,太久遠找不全,太久遠找不全,太久遠找不全,,
,1,復刻新手包系列2,BE02,BE02,-1,太久遠找不全,太久遠找不全,太久遠找不全,,
,1,復刻新手包系列,BE1,BE1,-1,太久遠找不全,太久遠找不全,太久遠找不全,,
,1,復刻新手包系列,BE2,BE2,-1,太久遠找不全,太久遠找不全,太久遠找不全,,
,1,收藏家卡包第5彈,CP17,CP17,-1,跨越太大,跨越太大,跨越太大,,
,1,收藏家卡包第5彈2018,CP18,CP18,-1,https://www.cardrush.jp/phone/product/20271,https://www.cardrush.jp/phone/product/20289,只有18張,,
,1,收藏家卡包第6彈2019,CP19,CP19,-1,https://www.cardrush.jp/phone/product/28911,https://www.cardrush.jp/phone/product/28965,54,,
,1,收藏家卡包第7彈2020,CP20,CP20,-1,https://www.cardrush.jp/phone/product/43571,https://www.cardrush.jp/phone/product/43625,54,,
,1,收藏家卡包第3彈-命運的決鬥者篇,CPD1,CPD1,-1,太久遠找不全,太久遠找不全,太久遠找不全,,
,1,收藏家卡包第4彈-閃光的決鬥者篇,CPF1,CPF1,-1,太久遠找不全,太久遠找不全,太久遠找不全,,
,1,收藏包傳說的決鬥者篇,CPL1,CPL1,-1,太久遠找不全,太久遠找不全,太久遠找不全,,
,1,收藏家ZEXAL篇,CPZ1,CPZ1,-1,太久遠找不全,太久遠找不全,太久遠找不全,,
,1,英勇粉碎者DBVS,DB13,DB13,-1,沒找到,沒找到,沒找到,,
,1,牌組改造包第1彈,DC01,DC01,-1,太久遠找不全,太久遠找不全,太久遠找不全,,
,1,第五期復刻包1,DE01,DE01,-1,太久遠找不全,太久遠找不全,太久遠找不全,,
,1,第五期復刻包2,DE02,DE02,-1,太久遠找不全,太久遠找不全,太久遠找不全,,
,1,第六期復刻包1,DE03,DE03,-1,太久遠找不全,太久遠找不全,太久遠找不全,,
,1,第六期復刻包2,DE04,DE04,-1,太久遠找不全,太久遠找不全,太久遠找不全,,
,1,決鬥者遺產1,DL1,DL1,-1,太久遠找不全,太久遠找不全,太久遠找不全,,
,1,決鬥者遺產2,DL2,DL2,-1,太久遠找不全,太久遠找不全,太久遠找不全,,
,1,決鬥者遺產3,DL3,DL3,-1,太久遠找不全,太久遠找不全,太久遠找不全,,
,1,決鬥者遺產4,DL4,DL4,-1,太久遠找不全,太久遠找不全,太久遠找不全,,
,1,決鬥者遺產5,DL5,DL5,-1,太久遠找不全,太久遠找不全,太久遠找不全,,
,1,十代篇3,DP06,DP06,-1,太久遠找不全,太久遠找不全,太久遠找不全,,
,1,約翰篇,DP07,DP07,-1,太久遠找不全,太久遠找不全,太久遠找不全,,
,1,遊星篇,DP08,DP08,-1,太久遠找不全,太久遠找不全,太久遠找不全,,
,1,遊星篇2,DP09,DP09,-1,太久遠找不全,太久遠找不全,太久遠找不全,,
,1,十代篇,DP1,DP1,-1,太久遠找不全,太久遠找不全,太久遠找不全,,
,1,遊星篇3,DP10,DP10,-1,太久遠找不全,太久遠找不全,太久遠找不全,,
,1,克羅篇,DP11,DP11,-1,太久遠找不全,太久遠找不全,太久遠找不全,,
,1,遊馬篇,DP12,DP12,-1,太久遠找不全,太久遠找不全,太久遠找不全,,
,1,快鬥篇,DP13,DP13,-1,太久遠找不全,太久遠找不全,太久遠找不全,,
,1,遊馬篇2,DP14,DP14,-1,太久遠找不全,太久遠找不全,太久遠找不全,,
,1,神代兄妹篇,DP15,DP15,-1,太久遠找不全,太久遠找不全,太久遠找不全,,
,1,決鬥都市篇,DP16,DP16,-1,太久遠找不全,太久遠找不全,太久遠找不全,,
,1,王之記憶篇,DP17,DP17,-1,太久遠找不全,太久遠找不全,太久遠找不全,,
,1,傳奇決鬥者篇,DP18,DP18,-1,太久遠找不全,太久遠找不全,太久遠找不全,,
,1,傳奇決鬥者篇2,DP19,DP19,-1,太久遠找不全,太久遠找不全,太久遠找不全,,
,1,万丈目篇,DP2,DP2,-1,太久遠找不全,太久遠找不全,太久遠找不全,,
,1,傳奇決鬥者篇3,DP20,DP20,-1,跨越太大,跨越太大,跨越太大,,
,1,傳奇決鬥者篇4,DP21,DP21,-1,https://www.cardrush.jp/phone/product/25591,https://www.cardrush.jp/phone/product/25646,55,,
,1,傳奇決鬥者篇5,DP22,DP22,-1,https://www.cardrush.jp/phone/product/29191,https://www.cardrush.jp/phone/product/29246,55,,
,1,傳奇決鬥者篇6,DP23,DP23,-1,https://www.cardrush.jp/phone/product/30882,https://www.cardrush.jp/phone/product/30937,55,,
,1,冥闇決鬥者篇,DP24,DP24,-1,https://www.cardrush.jp/phone/product/39997,https://www.cardrush.jp/phone/product/40054,57,,
,1,疾風的決鬥者編,DP25,DP25,-1,https://www.cardrush.jp/phone/product/49587,https://www.cardrush.jp/phone/product/49645,58,,
,1,深淵決鬥者編,DP26,DP26,-1,https://www.cardrush.jp/phone/product/53115,https://www.cardrush.jp/phone/product/53172,57,,
,1,輝石的決鬥者編,DP27,DP27,-1,https://www.cardrush.jp/phone/product/56947,https://www.cardrush.jp/phone/product/57004,57,,
,1,爆炎的決鬥者編,DP28,DP28,-1,https://www.cardrush.jp/phone/product/70187,https://www.cardrush.jp/phone/product/70245,58,,
,1,十代篇2,DP3,DP3,-1,太久遠找不全,太久遠找不全,太久遠找不全,,
,1,地獄凱薩篇,DP4,DP4,-1,太久遠找不全,太久遠找不全,太久遠找不全,,
,1,艾德篇,DP5,DP5,-1,太久遠找不全,太久遠找不全,太久遠找不全,,
,1,復刻高手包系列4,EE04,EE04,-1,太久遠找不全,太久遠找不全,太久遠找不全,,
,1,復刻高手包系列1,EE1,EE1,-1,太久遠找不全,太久遠找不全,太久遠找不全,,
,1,復刻高手包系列2,EE2,EE2,-1,太久遠找不全,太久遠找不全,太久遠找不全,,
,1,復刻高手包系列3,EE3,EE3,-1,太久遠找不全,太久遠找不全,太久遠找不全,,
,1,額外包2012,EP12,EP12,-1,太久遠了找不全,太久遠了找不全,太久遠了找不全,,
,1,額外包2013,EP13,EP13,-1,太久遠了找不全,太久遠了找不全,太久遠了找不全,,
,1,額外包2014,EP14,EP14,-1,太久遠了找不全,太久遠了找不全,太久遠了找不全,,
,1,額外包2015,EP15,EP15,-1,太久遠了找不全,太久遠了找不全,太久遠了找不全,,
,1,額外包2016,EP16,EP16,-1,太久遠了找不全,太久遠了找不全,太久遠了找不全,,
,1,額外包2017,EP17,EP17,-1,太久遠了找不全,太久遠了找不全,太久遠了找不全,,
,1,額外包2018,EP18,EP18,-1,https://www.cardrush.jp/phone/product/25194,https://www.cardrush.jp/phone/product/25248,54,,
,1,額外包2019,EP19,EP19,-1,https://www.cardrush.jp/phone/product/30334,https://www.cardrush.jp/phone/product/30407,73,,
,1,美英復刻包1,EXP1,EXP1,-1,太久遠了找不全,太久遠了找不全,太久遠了找不全,,
,1,美英復刻包2,EXP2,EXP2,-1,太久遠了找不全,太久遠了找不全,太久遠了找不全,,
,1,美英復刻包3,EXP3,EXP3,-1,太久遠了找不全,太久遠了找不全,太久遠了找不全,,
,1,美英復刻包4,EXP4,EXP4,-1,太久遠了找不全,太久遠了找不全,太久遠了找不全,,
,1,黃金復刻包2012,GDB1,GDB1,-1,太久遠了找不全,太久遠了找不全,太久遠了找不全,,
,1,黃金系列2016,GP16,GP16,-1,太久遠了找不全,太久遠了找不全,太久遠了找不全,,
,1,黃金系列2009,GS01,GS01,-1,太久遠了找不全,太久遠了找不全,太久遠了找不全,,
,1,黃金系列2010,GS02,GS02,-1,太久遠了找不全,太久遠了找不全,太久遠了找不全,,
,1,黃金系列2011,GS03,GS03,-1,太久遠了找不全,太久遠了找不全,太久遠了找不全,,
,1,黃金系列2012,GS04,GS04,-1,太久遠了找不全,太久遠了找不全,太久遠了找不全,,
,1,黃金系列2013,GS05,GS05,-1,太久遠了找不全,太久遠了找不全,太久遠了找不全,,
,1,黃金系列2014,GS06,GS06,-1,太久遠了找不全,太久遠了找不全,太久遠了找不全,,
,1,青眼白龍,LB,LB,-1,太久遠了找不全,太久遠了找不全,太久遠了找不全,,
,1,連結包LVP1,LINK,LINK,-1,https://www.cardrush.jp/phone/product/19437,https://www.cardrush.jp/phone/product/19478,只有41張,,
,1,連結包LVP2,LINK,LINK,-1,https://www.cardrush.jp/phone/product/25682,https://www.cardrush.jp/phone/product/25801,119,,
,1,連結包LVP3,LINK,LINK,-1,https://www.cardrush.jp/phone/product/31032,https://www.cardrush.jp/phone/product/31151,119,,
,1,惡夢迷宮,LN,LN,-1,太久遠了找不全,太久遠了找不全,太久遠了找不全,,
,1,甦醒的魂魄,MA,MA,-1,太久遠了找不全,太久遠了找不全,太久遠了找不全,,
,1,千年盒千年包,MP01,MP01,-1,太久遠了找不全,太久遠了找不全,太久遠了找不全,,
,1,魔法支配者,MR,MR,-1,太久遠了找不全,太久遠了找不全,太久遠了找不全,,
,1,劇場版電影包,MVP1,MVP1,-1,太久遠了找不全,太久遠了找不全,太久遠了找不全,,
,1,幻影的召喚神,PG,PG,-1,太久遠了找不全,太久遠了找不全,太久遠了找不全,,
,1,王家的守護者,PH,PH,-1,太久遠了找不全,太久遠了找不全,太久遠了找不全,,
,1,法老王的僕人,PS,PS,-1,太久遠了找不全,太久遠了找不全,太久遠了找不全,,
,1,暗黑魔龍復活,RB,RB,-1,太久遠了找不全,太久遠了找不全,太久遠了找不全,,
,1,闇之征服者,SC,SC,-1,太久遠了找不全,太久遠了找不全,太久遠了找不全,,
,1,SELECTION10,SLT1,SLT1,-1,太久遠了找不全,太久遠了找不全,太久遠了找不全,,
,1,假面的咒縛,SM,SM,-1,太久遠了找不全,太久遠了找不全,太久遠了找不全,,
,1,非凡大師,SPRG,SPRG,-1,太久遠了找不全,太久遠了找不全,太久遠了找不全,,
,1,無限追獵者,DBIC,SP10,-1,https://www.cardrush.jp/phone/product/27969,https://www.cardrush.jp/phone/product/28046,77,,
,1,神秘鬥士,DBMF,SP11,-1,https://www.cardrush.jp/phone/product/30088,https://www.cardrush.jp/phone/product/30165,77,,
,1,秘密殺手,DBSS,SP12,-1,https://www.cardrush.jp/phone/product/38257,https://www.cardrush.jp/phone/product/38334,77,,
,1,創世衝擊者,DBGI,SP13,-1,https://www.cardrush.jp/phone/product/44949,https://www.cardrush.jp/phone/product/45026,77,,
,1,上古守護者,DBAG,SP14,-1,https://www.cardrush.jp/phone/product/48119,https://www.cardrush.jp/phone/product/48197,78,,
,1,偉大創作者,DBGC,SP15,-1,https://www.cardrush.jp/phone/product/52298,https://www.cardrush.jp/phone/product/52375,77,,
,1,攻略玩轉者,DBTM,SP16,-1,https://www.cardrush.jp/phone/product/55377,https://www.cardrush.jp/phone/product/55454,77,,
,1,驚奇保衛者,DBAD,SP17,-1,https://www.cardrush.jp/phone/product/59629,https://www.cardrush.jp/phone/product/59706,77,,
,1,野性生還者,DBWS,SP18,-1,https://www.cardrush.jp/phone/product/65889,https://www.cardrush.jp/phone/product/65966,77,,
,1,種族力量,SPTR,SP2,-1,跳躍太大,跳躍太大,跳躍太大,,
,1,高速騎士,SPHR,SP3,-1,跳躍太大,跳躍太大,跳躍太大,,
,1,羽翼突襲者,SPWR,SP4,-1,跳躍太大,跳躍太大,跳躍太大,,
,1,命運士兵,SPDS,SP5,-1,跳躍太大,跳躍太大,跳躍太大,,
,1,融合執法者,SPFE,SP6,-1,跳躍太大,跳躍太大,跳躍太大,,
,1,靈魂戰士,DBSW,SP7,-1,跳躍太大,跳躍太大,跳躍太大,,
,1,黑暗救星,DBDS,SP8,-1,https://www.cardrush.jp/phone/product/19886,https://www.cardrush.jp/phone/product/19920,只有34張,,
,1,隱秘召喚師,DBHS,SP9,-1,https://www.cardrush.jp/phone/product/25073,https://www.cardrush.jp/phone/product/25150,77,,
,1,高罕貴收藏包,TRC1,TRC1,-1,跳躍太大,跳躍太大,跳躍太大,,
,1,20周年復刻版1,VOL1,VOL1,-1,太久遠了找不全,太久遠了找不全,太久遠了找不全,,
,1,20周年復刻版2,VOL2,VOL2,-1,太久遠了找不全,太久遠了找不全,太久遠了找不全,,
,1,20周年復刻版3,VOL3,VOL3,-1,太久遠了找不全,太久遠了找不全,太久遠了找不全,,
,1,20周年復刻版4,VOL4,VOL4,-1,太久遠了找不全,太久遠了找不全,太久遠了找不全,,
,1,20周年復刻版5,VOL5,VOL5,-1,太久遠了找不全,太久遠了找不全,太久遠了找不全,,
,1,20周年復刻版6,VOL6,VOL6,-1,太久遠了找不全,太久遠了找不全,太久遠了找不全,,
,1,20周年復刻版7,VOL7,VOL7,-1,太久遠了找不全,太久遠了找不全,太久遠了找不全,,
,1,世界精選包2020,WPP1,WPP1,-1,https://www.cardrush.jp/phone/product/45156,https://www.cardrush.jp/phone/product/45252,96,,
,1,世界精選包2021,WPP2,WPP2,-1,https://www.cardrush.jp/phone/product/52575,https://www.cardrush.jp/phone/product/52668,93,,
,1,世界精選包2022,WPP3,WPP3,-1,https://www.cardrush.jp/phone/product/59793,https://www.cardrush.jp/phone/product/59860,67,,
,1,世界精選包2023,WPP4,WPP4,-1,沒找到,沒找到,沒找到,,
,1,高罕貴4菱鑽包,PAC1,PAC1,-1,https://www.cardrush.jp/phone/product/47661,https://www.cardrush.jp/phone/product/47868,207,,
,1,高罕貴收藏包2,RC02,RC02,-1,https://www.cardrush.jp/phone/product/19722,https://www.cardrush.jp/phone/product/19862,140,,
,1,高罕貴收藏包3,RC03,RC03,-1,https://www.cardrush.jp/phone/product/37883,https://www.cardrush.jp/phone/product/37999,116,,
,1,高罕貴收藏包4,RC04,RC04,-1,https://www.cardrush.jp/phone/product/65131,https://www.cardrush.jp/phone/product/65616,,,
,1,高罕貴-歷史典藏包,HC01,HC01,-1,https://www.cardrush.jp/phone/product/54720,https://www.cardrush.jp/phone/product/54887,167,,
,1,復刻精選包5,SLF1,SLF1,-1,https://www.cardrush.jp/phone/product/60518,https://www.cardrush.jp/phone/product/60857,339,,
,1,決鬥盤附贈卡1,ADD,ADD,-1,太久遠了找不全,太久遠了找不全,太久遠了找不全,,
,1,決鬥盤附贈卡2,ADDR,ADDR,-1,太久遠了找不全,太久遠了找不全,太久遠了找不全,,
,1,決鬥盤附贈卡3,ADDS,ADDS,-1,太久遠了找不全,太久遠了找不全,太久遠了找不全,,
,1,決鬥盤附贈卡4,DB01,DB01,-1,太久遠了找不全,太久遠了找不全,太久遠了找不全,,
,1,決鬥盤附贈卡5,DB12,DB12,-1,太久遠了找不全,太久遠了找不全,太久遠了找不全,,
,1,決鬥盤附贈卡6,DDY1,DDY1,-1,太久遠了找不全,太久遠了找不全,太久遠了找不全,,
,1,決鬥盤附贈卡7,DDY2,DDY2,-1,太久遠了找不全,太久遠了找不全,太久遠了找不全,,
,1,決鬥盤附贈卡8,DDY3,DDY3,-1,太久遠了找不全,太久遠了找不全,太久遠了找不全,,
,1,玩具附贈卡1,MFC1,MFC1,-1,,,,,
,1,玩具附贈卡2,MFC2,MFC2,-1,,,,,
,1,玩具附贈卡3,MFC3,MFC3,-1,,,,,
,1,初回限定特典,MVPC,MVPC,-1,,,,,
,1,DVD影片附卡1,DMG,DMG,-1,,,,,
,1,DVD影片附卡2,DMMD,DMMD,-1,,,,,
,1,附贈卡-GBA1,G1,G1,-1,,,,,
,1,附贈卡-GBA2,G2,G2,-1,,,,,
,1,附贈卡-GBA3,G3,G3,-1,,,,,
,1,附贈卡-GBA4,G4,G4,-1,,,,,
,1,附贈卡-GBA5,G5,G5,-1,,,,,
,1,附贈卡-GBA6,G6,G6,-1,,,,,
,1,附贈卡-GBA6,G6,G6,-1,,,,,
,1,附贈卡-DI2,DI2,DI2,-1,,,,,
,1,附贈卡-E06,E06,E06,-1,,,,,
,1,附贈卡-EX3,EX3,EX3,-1,,,,,
,1,附贈卡-GB7,GB7,GB7,-1,,,,,
,1,附贈卡-GB8,GB8,GB8,-1,,,,,
,1,附贈卡-GBI,GBI,GBI,-1,,,,,
,1,附贈卡-GX1,GX1,GX1,-1,,,,,
,1,附贈卡-W6S,W6S,W6S,-1,,,,,
,1,附贈卡-GX03,GX03,GX03,-1,,,,,
,1,附贈卡-NTR,NTR,NTR,-1,,,,,
,1,附贈卡-WC07,WC07,WC07,-1,,,,,
,1,附贈卡-WC08,WC08,WC08,-1,,,,,
,1,附贈卡-WC09,WC09,WC09,-1,,,,,
,1,附贈卡-WC10,WC10,WC10,-1,,,,,
,1,附贈卡-WC11,WC11,WC11,-1,,,,,
,1,附贈卡-YDB1,YDB1,YDB1,-1,,,,,
,1,附贈卡-ZDC1,ZDC1,ZDC1,-1,,,,,
,1,附贈卡-PS,PS,PS,-1,,,,,
,1,附贈卡-CMC,CMC,CMC,-1,,,,,
,1,附贈卡-GX05,GX05,GX05,-1,,,,,
,1,附贈卡-S2,S2,S2,-1,,,,,
,1,附贈卡-GX02,GX02,GX02,-1,,,,,
,1,附贈卡-GX04,GX04,GX04,-1,,,,,
,1,附贈卡-GX06,GX06,GX06,-1,,,,,
,1,附贈卡-TF04,TF04,TF04,-1,,,,,
,1,附贈卡-TF05,TF05,TF05,-1,,,,,
,1,附贈卡-TF06,TF06,TF06,-1,,,,,
,1,附贈卡-WB01,WB01,WB01,-1,,,,,
,1,附贈卡-YDT1,YDT1,YDT1,-1,,,,,
,1,附贈卡-HD13,HD13,HD13,-1,,,,,
,1,附贈卡-HD18,HD18,HD18,-1,,,,,
,1,附贈卡-17CC,17CC,17CC,-1,,,,,
,1,附贈卡-18SP,18SP,18SP,-1,,,,,
,1,附贈卡-19SP,19SP,19SP,-1,,,,,
,1,附贈卡-19YJ,19YJ,19YJ,-1,,,,,
,1,附贈卡-20CP,20CP,20CP,-1,,,,,
,1,附贈卡-BPI,BPI,BPI,-1,,,,,
,1,附贈卡-DCP1,DCP1,DCP1,-1,,,,,
,1,附贈卡-EONK,EONK,EONK,-1,,,,,
,1,附贈卡-MC03,MC03,MC03,-1,,,,,
,1,附贈卡-MC1,MC1,MC1,-1,,,,,
,1,附贈卡-MC2,MC2,MC2,-1,,,,,
,1,附贈卡-20DS,20DS,20DS,-1,,,,,
,1,附贈卡-20YJ,20YJ,20YJ,-1,,,,,
,1,附贈卡-21CC,21CC,21CC,-1,,,,,
,1,附贈卡-22YJ,22YJ,22YJ,-1,,,,,
,1,附贈卡-23HP,23HP,23HP,-1,,,,,
,1,附贈卡-AT08,AT08,AT08,-1,,,,,
,1,附贈卡-DPEX,DPEX,DPEX,-1,,,,,
,1,附贈卡-EP12,EP12,EP12,-1,,,,,
,1,附贈卡-JF07,JF07,JF07,-1,,,,,
,1,附贈卡-JF08,JF08,JF08,-1,,,,,
,1,附贈卡-JF09,JF09,JF09,-1,,,,,
,1,附贈卡-JF10,JF10,JF10,-1,,,,,
,1,附贈卡-JF11,JF11,JF11,-1,,,,,
,1,附贈卡-JF12,JF12,JF12,-1,,,,,
,1,附贈卡-JF13,JF13,JF13,-1,,,,,
,1,附贈卡-MSC1,MSC1,MSC1,-1,,,,,
,1,附贈卡-PR01,PR01,PR01,-1,,,,,
,1,附贈卡-PR02,PR02,PR02,-1,,,,,
,1,附贈卡-PR03,PR03,PR03,-1,,,,,
,1,附贈卡-PR04,PR04,PR04,-1,,,,,
,1,附贈卡-PRTX,PRTX,PRTX,-1,,,,,
,1,附贈卡-PSDC,PSDC,PSDC,-1,,,,,
,1,附贈卡-SBPR,SBPR,SBPR,-1,,,,,
,1,附贈卡-SCB1,SCB1,SCB1,-1,,,,,
,1,附贈卡-SHSP,SHSP,SHSP,-1,,,,,
,1,附贈卡-ST12,ST12,ST12,-1,,,,,
,1,附贈卡-TKN2,TKN2,TKN2,-1,,,,,
,1,附贈卡-TKN4,TKN4,TKN4,-1,,,,,
,1,附贈卡-TKN,TKN,TKN,-1,,,,,
,1,附贈卡-VF13,VF13,VF13,-1,,,,,
,1,附贈卡-VF16,VF16,VF16,-1,,,,,
,1,附贈卡-VF17,VF17,VF17,-1,,,,,
,1,附贈卡-VF19,VF19,VF19,-1,,,,,
,1,附贈卡-VJCF,VJCF,VJCF,-1,,,,,
,1,附贈卡-YCPC,YCPC,YCPC,-1,,,,,
,1,附贈卡-YGOPR,YGOPR,YGOPR,-1,,,,,
,1,附贈卡-SEDS,SEDS,SEDS,-1,,,,,
,1,活動參賽卡-17PR,17PR,17PR,-1,,,,,
,1,活動參賽卡-17SP,17SP,17SP,-1,,,,,
,1,活動參賽卡-CARD,CARD,CARD,-1,,,,,
,1,活動參賽卡-DF16,DF16,DF16,-1,,,,,
,1,限定特典卡-MVPI,MVPI,MVPI,-1,,,,,
,1,限定特典卡-MVPL,MVPL,MVPL,-1,,,,,
,1,限定特典卡-MVPY,MVPY,MVPY,-1,,,,,
,1,SJMP雜誌-SJMP,SJMP,SJMP,-1,,,,,
,1,VJ雜誌-AGMM,AGMM,AGMM,-1,,,,,
,1,VJ雜誌-PRIO,PRIO,PRIO,-1,,,,,
,1,VJ雜誌-VF12,VF12,VF12,-1,,,,,
,1,VJ雜誌-VF18,VF18,VF18,-1,,,,,
,1,VJ雜誌-VJ,VJ,VJ,-1,,,,,
,1,VJ雜誌-VJC,VJC,VJC,-1,,,,,
,1,VJ雜誌-VJMP,VJMP,VJMP,-1,,,,,
,1,WJ週刊-JHS,JHS,JHS,-1,,,,,
,1,WJ週刊-JMP,JMP,JMP,-1,,,,,
,1,WJ週刊-WJ,WJ,WJ,-1,,,,,
,1,WJ週刊-WJC,WJC,WJC,-1,,,,,
,1,WJ週刊-WJMP,WJMP,WJMP,-1,,,,,
,1,大百科-MG02,MG02,MG02,-1,,,,,
,1,大百科-MG03,MG03,MG03,-1,,,,,
,1,大百科-MG04,MG04,MG04,-1,,,,,
,1,大百科-MG05,MG05,MG05,-1,,,,,
,1,大百科-MG06,MG06,MG06,-1,,,,,
,1,大百科-MG1,MG1,MG1,-1,,,,,
,1,大百科-VB,VB,VB,-1,,,,,
,1,大百科-VB09,VB09,VB09,-1,,,,,
,1,大百科-VB1,VB1,VB1,-1,,,,,
,1,大百科-VB10,VB10,VB10,-1,,,,,
,1,大百科-VB11,VB11,VB11,-1,,,,,
,1,大百科-VB12,VB12,VB12,-1,,,,,
,1,大百科-VB13,VB13,VB13,-1,,,,,
,1,大百科-VB14,VB14,VB14,-1,,,,,
,1,大百科-VB15,VB15,VB15,-1,,,,,
,1,大百科-VB16,VB16,VB16,-1,,,,,
,1,大百科-VB17,VB17,VB17,-1,,,,,
,1,大百科-VB18,VB18,VB18,-1,,,,,
,1,大百科-VB19,VB19,VB19,-1,,,,,
,1,大百科-VB20,VB20,VB20,-1,,,,,
,1,大百科-VB21,VB21,VB21,-1,,,,,
,1,大百科-VB22,VB22,VB22,-1,,,,,
,1,大百科-VB5,VB5,VB5,-1,,,,,
,1,大百科-VB6,VB6,VB6,-1,,,,,
,1,大百科-VB7,VB7,VB7,-1,,,,,
,1,大百科-VB8,VB8,VB8,-1,,,,,
,1,大百科-VX01,VX01,VX01,-1,,,,,
,1,大百科-VX02,VX02,VX02,-1,,,,,
,1,大百科-VX03,VX03,VX03,-1,,,,,
,1,攻略書-CMC,CMC,CMC,-1,,,,,
,1,攻略書-DI2,DI2,DI2,-1,,,,,
,1,攻略書-DT02,DT02,DT02,-1,,,,,
,1,攻略書-DT04,DT04,DT04,-1,,,,,
,1,攻略書-DT06,DT06,DT06,-1,,,,,
,1,攻略書-DT08,DT08,DT08,-1,,,,,
,1,攻略書-DT10,DT10,DT10,-1,,,,,
,1,攻略書-DT12,DT12,DT12,-1,,,,,
,1,攻略書-DT14,DT14,DT14,-1,,,,,
,1,攻略書-E06,E06,E06,-1,,,,,
,1,攻略書-EX3,EX3,EX3,-1,,,,,
,1,攻略書-G2,G2,G2,-1,,,,,
,1,攻略書-G3,G3,G3,-1,,,,,
,1,攻略書-G4,G4,G4,-1,,,,,
,1,攻略書-G5,G5,G5,-1,,,,,
,1,攻略書-G6,G6,G6,-1,,,,,
,1,攻略書-GB7,GB7,GB7,-1,,,,,
,1,攻略書-GB8,GB8,GB8,-1,,,,,
,1,攻略書-GBI,GBI,GBI,-1,,,,,
,1,攻略書-GX02,GX02,GX02,-1,,,,,
,1,攻略書-GX03,GX03,GX03,-1,,,,,
,1,攻略書-GX04,GX04,GX04,-1,,,,,
,1,攻略書-GX06,GX06,GX06,-1,,,,,
,1,攻略書-GX1,GX1,GX1,-1,,,,,
,1,攻略書-LDLE,LDLE,LDLE,-1,,,,,
,1,攻略書-LG01,LG01,LG01,-1,,,,,
,1,攻略書-LG02,LG02,LG02,-1,,,,,
,1,攻略書-NTR,NTR,NTR,-1,,,,,
,1,攻略書-OG01,OG01,OG01,-1,,,,,
,1,攻略書-OG02,OG02,OG02,-1,,,,,
,1,攻略書-OG03,OG03,OG03,-1,,,,,
,1,攻略書-PS,PS,PS,-1,,,,,
,1,攻略書-RB01,RB01,RB01,-1,,,,,
,1,攻略書-RB02,RB02,RB02,-1,,,,,
,1,攻略書-RB03,RB03,RB03,-1,,,,,
,1,攻略書-RB04,RB04,RB04,-1,,,,,
,1,攻略書-RB05,RB05,RB05,-1,,,,,
,1,攻略書-S2,S2,S2,-1,,,,,
,1,攻略書-SCB1,SCB1,SCB1,-1,,,,,
,1,攻略書-TF04,TF04,TF04,-1,,,,,
,1,攻略書-TF06,TF06,TF06,-1,,,,,
,1,攻略書-TFSP,TFSP,TFSP,-1,,,,,
,1,攻略書-TR,TR,TR,-1,,,,,
,1,攻略書-WB01,WB01,WB01,-1,,,,,
,1,攻略書-WC07,WC07,WC07,-1,,,,,
,1,攻略書-WC08,WC08,WC08,-1,,,,,
,1,攻略書-WC09,WC09,WC09,-1,,,,,
,1,攻略書-WC10,WC10,WC10,-1,,,,,
,1,攻略書-WC11,WC11,WC11,-1,,,,,
,1,攻略書-YDT1,YDT1,YDT1,-1,,,,,
,1,攻略書-ZDC1,ZDC1,ZDC1,-1,,,,,
,1,攻略書套牌闇遊戲＆海馬瀨人-LG01,LG01,LG01,-1,,,,,
,1,攻略書套牌闇遊戲＆海馬瀨人-LG02,LG02,LG02,-1,,,,,
,1,漫畫-JCY,JCY,JCY,-1,,,,,
,1,漫畫-YA01,YA01,YA01,-1,,,,,
,1,漫畫-YA02,YA02,YA02,-1,,,,,
,1,漫畫-YA03,YA03,YA03,-1,,,,,
,1,漫畫-YA04,YA04,YA04,-1,,,,,
,1,漫畫-YA05,YA05,YA05,-1,,,,,
,1,漫畫-YA06,YA06,YA06,-1,,,,,
,1,漫畫-YA07,YA07,YA07,-1,,,,,
,1,漫畫-YCB,YCB,YCB,-1,,,,,
,1,漫畫-YCB2,YCB2,YCB2,-1,,,,,
,1,漫畫-YF01,YF01,YF01,-1,,,,,
,1,漫畫-YF02,YF02,YF02,-1,,,,,
,1,漫畫-YF03,YF03,YF03,-1,,,,,
,1,漫畫-YF04,YF04,YF04,-1,,,,,
,1,漫畫-YF05,YF05,YF05,-1,,,,,
,1,漫畫-YF06,YF06,YF06,-1,,,,,
,1,漫畫-YF07,YF07,YF07,-1,,,,,
,1,漫畫-YF08,YF08,YF08,-1,,,,,
,1,漫畫-YF09,YF09,YF09,-1,,,,,
,1,漫畫-YG01,YG01,YG01,-1,,,,,
,1,漫畫-YG02,YG02,YG02,-1,,,,,
,1,漫畫-YG03,YG03,YG03,-1,,,,,
,1,漫畫-YG04,YG04,YG04,-1,,,,,
,1,漫畫-YG05,YG05,YG05,-1,,,,,
,1,漫畫-YG06,YG06,YG06,-1,,,,,
,1,漫畫-YG07,YG07,YG07,-1,,,,,
,1,漫畫-YG08,YG08,YG08,-1,,,,,
,1,漫畫-YG09,YG09,YG09,-1,,,,,
,1,漫畫-YO01,YO01,YO01,-1,,,,,
,1,漫畫-YO02,YO02,YO02,-1,,,,,
,1,漫畫-YO03,YO03,YO03,-1,,,,,
,1,漫畫-YO04,YO04,YO04,-1,,,,,
,1,漫畫-YO05,YO05,YO05,-1,,,,,
,1,漫畫-YO06,YO06,YO06,-1,,,,,
,1,漫畫-YO07,YO07,YO07,-1,,,,,
,1,漫畫-YOS1,YOS1,YOS1,-1,,,,,
,1,漫畫-YR03,YR03,YR03,-1,,,,,
,1,漫畫-YR04,YR04,YR04,-1,,,,,
,1,漫畫-YR05,YR05,YR05,-1,,,,,
,1,漫畫-YR1,YR1,YR1,-1,,,,,
,1,漫畫-YS01,YS01,YS01,-1,,,,,
,1,漫畫-YS02,YS02,YS02,-1,,,,,
,1,漫畫-YZ01,YZ01,YZ01,-1,,,,,
,1,漫畫-YZ02,YZ02,YZ02,-1,,,,,
,1,漫畫-YZ03,YZ03,YZ03,-1,,,,,
,1,漫畫-YZ04,YZ04,YZ04,-1,,,,,
,1,漫畫-YZ05,YZ05,YZ05,-1,,,,,
,1,漫畫-YZ06,YZ06,YZ06,-1,,,,,
,1,漫畫-YZ07,YZ07,YZ07,-1,,,,,
,1,漫畫-YZ08,YZ08,YZ08,-1,,,,,
,1,漫畫-YZ09,YZ09,YZ09,-1,,,,,
,1,電影包-YMP1,YMP1,YMP1,-1,,,,,
,1,電影附贈卡-JMPR,JMPR,JMPR,-1,,,,,
,1,電影附贈卡-MOV2,MOV2,MOV2,-1,,,,,
,1,電影附贈卡-MOV,MOV,MOV,-1,,,,,
,1,電影附贈卡-MVPC,MVPC,MVPC,-1,,,,,
,1,應募包-LE01,LE01,LE01,-1,,,,,
,1,應募包-LE02,LE02,LE02,-1,,,,,
,1,應募包-LE03,LE03,LE03,-1,,,,,
,1,應募包-LE04,LE04,LE04,-1,,,,,
,1,應募包-LE05,LE05,LE05,-1,,,,,
,1,應募包-LE06,LE06,LE06,-1,,,,,
,1,應募包-LE07,LE07,LE07,-1,,,,,
,1,應募包-LE08,LE08,LE08,-1,,,,,
,1,應募包-LE09,LE09,LE09,-1,,,,,
,1,應募包-LE10,LE10,LE10,-1,,,,,
,1,應募包-LE11,LE11,LE11,-1,,,,,
,1,應募包-LE12,LE12,LE12,-1,,,,,
,1,應募包-LE13,LE13,LE13,-1,,,,,
,1,應募包-LE14,LE14,LE14,-1,,,,,
,1,應募包-LE15,LE15,LE15,-1,,,,,
,1,應募包-LE16,LE16,LE16,-1,,,,,
,1,應募包-LE17,LE17,LE17,-1,,,,,
,1,應募包-VE01,VE01,VE01,-1,,,,,
,1,應募包-VE02,VE02,VE02,-1,,,,,
,1,應募包-VE03,VE03,VE03,-1,,,,,
,1,應募包-VE04,VE04,VE04,-1,,,,,
,1,應募包-VE05,VE05,VE05,-1,,,,,
,1,應募包-VE06,VE06,VE06,-1,,,,,
,1,應募包-VE07,VE07,VE07,-1,,,,,
,1,應募包-VE08,VE08,VE08,-1,,,,,
,1,應募包-VE09,VE09,VE09,-1,,,,,
,1,應募包-VE10,VE10,VE10,-1,,,,,
,1,應募包-VE11,VE11,VE11,-1,,,,,
,1,應募包-VP14,VP14,VP14,-1,,,,,
,1,應募包-VP15,VP15,VP15,-1,,,,,
,1,應募包-VP16,VP16,VP16,-1,,,,,
,1,應募包-VP17,VP17,VP17,-1,,,,,
,1,應募包-VP18,VP18,VP18,-1,,,,,
,1,應募包-VP19,VP19,VP19,-1,,,,,
,1,應募包-VP20,VP20,VP20,-1,,,,,
,1,應募包-VP21,VP21,VP21,-1,,,,,
,1,禮盒 VRAINS BOX-1,LVB1,LVB1,-1,,,,,
,1,禮盒 PRISMATIC GOD BOX,PGB1,PGB1,-1,,,,,
,1,轉卡機,遊戲機台1,DT01,-1,,,,,
,1,轉卡機,遊戲機台10,DT10,-1,,,,,
,1,轉卡機,遊戲機台11,DT11,-1,,,,,
,1,轉卡機,遊戲機台12,DT12,-1,,,,,
,1,轉卡機,遊戲機台13,DT13,-1,,,,,
,1,轉卡機,遊戲機台14,DT14,-1,,,,,
,1,轉卡機,遊戲機台2,DT02,-1,,,,,
,1,轉卡機,遊戲機台3,DT03,-1,,,,,
,1,轉卡機,遊戲機台4,DT04,-1,,,,,
,1,轉卡機,遊戲機台5,DT05,-1,,,,,
,1,轉卡機,遊戲機台6,DT06,-1,,,,,
,1,轉卡機,遊戲機台7,DT07,-1,,,,,
,1,轉卡機,遊戲機台8,DT08,-1,,,,,
,1,轉卡機,遊戲機台9,DT09,-1,,,,,
,1,轉卡機,遊戲機台DTC1,DTC1,-1,,,,,
,1,轉卡機,遊戲機台DTC2,DTC2,-1,,,,,
,1,轉卡機,遊戲機台DTC3,DTC3,-1,,,,,
,1,轉卡機,遊戲機台DTC4,DTC4,-1,,,,,
,1,鐵盒附贈卡,BPCT,BPCT,-1,,,,,
,1,鐵盒附贈卡,BPT,BPT,-1,,,,,
,1,鐵盒附贈卡,CT09,CT09,-1,,,,,
,1,鐵盒附贈卡,DPC1,DPC1,-1,,,,,
,1,LINK VRAINS 決鬥組,LVDS,LVDS,-1,,,,,